Fund Name,P1,P2,P3,P4,P5,Score,Rank
M1,0.63,0.4,5.1,69.2,18.83,0.5604866734414744,2
M2,0.7,0.49,6.8,64.2,18.05,0.4128048843429472,7
M3,0.71,0.5,4.4,34.4,10.0,0.48030125969265025,6
M4,0.91,0.83,3.4,65.4,17.64,0.7233597697357765,1
M5,0.89,0.79,4.8,37.8,11.07,0.48640705508445164,5
M6,0.84,0.71,3.9,34.1,9.89,0.5405777765389991,3
M7,0.69,0.48,5.2,62.4,17.19,0.5403147193050586,4
M8,0.62,0.38,6.7,32.5,10.05,0.2733914884195821,8
